id,sex,age,famsize,Pstatus
1,M,15,GT3,T
2,F,15,GT3,T
3,F,15,LE3,T
4,F,16,LE3,T
5,M,16,GT3,T
6,M,15,LE3,A
7,M,17,GT3,T
8,F,15,LE3,A
9,F,15,GT3,A
10,F,15,GT3,T
11,M,13,LE3,T
12,F,16,GT3,T
13,F,16,LE3,A
14,M,15,GT3,T
15,M,16,GT3,T
16,M,16,GT3,T
17,M,14,GT3,A
18,F,15,GT3,T
19,M,16,LE3,A
20,M,14,LE3,T
21,F,16,GT3,T
22,M,14,GT3,T
23,M,16,GT3,T
24,M,15,GT3,T
25,F,14,GT3,T
26,F,17,GT3,A
27,M,15,GT3,T
28,F,15,GT3,A
29,F,16,GT3,T
30,M,17,LE3,A
31,F,14,LE3,T
32,M,16,LE3,A
33,M,16,LE3,A
34,F,16,LE3,T
35,F,16,GT3,T
36,F,15,GT3,T
37,M,15,GT3,T
38,M,16,GT3,A
39,F,14,LE3,T
40,M,13,LE3,T
41,M,16,LE3,T
42,F,16,GT3,A
43,M,13,LE3,A
44,F,14,LE3,T
45,M,16,GT3,T
46,F,18,GT3,T
47,M,16,LE3,T
48,F,15,GT3,T
49,F,15,GT3,T
50,M,17,GT3,T
51,F,15,GT3,T
52,F,15,LE3,T
53,F,15,LE3,T
54,F,15,GT3,T
55,F,16,GT3,T
56,F,17,GT3,T
57,M,16,GT3,T
58,M,15,GT3,T
59,M,15,GT3,T
60,M,14,GT3,A
61,M,16,GT3,T
62,M,15,LE3,T
63,F,15,GT3,T
64,M,19,LE3,T
65,M,16,LE3,T
66,F,15,GT3,T
67,M,15,LE3,T
68,F,17,LE3,T
69,M,16,LE3,T
70,F,14,GT3,T
71,F,16,GT3,T
72,M,15,GT3,T
73,M,17,LE3,T
74,F,17,GT3,A
75,F,15,GT3,T
76,F,17,LE3,T
77,F,16,GT3,A
78,M,16,LE3,T
79,M,16,GT3,T
80,M,15,GT3,T
81,F,15,GT3,A
82,F,17,LE3,A
83,M,15,GT3,T
84,M,15,GT3,T
85,M,15,GT3,T
86,M,16,GT3,T
87,F,18,LE3,T
88,F,14,LE3,T
89,F,16,GT3,T
90,F,17,GT3,T
91,M,15,GT3,T
92,F,16,LE3,T
93,F,14,GT3,T
94,F,16,LE3,A
95,F,15,GT3,T
96,F,16,GT3,T
97,F,17,GT3,T
98,M,18,LE3,T
99,M,16,GT3,A
100,M,16,LE3,T
101,M,16,LE3,T
102,F,15,GT3,T
103,M,16,GT3,T
104,F,15,LE3,A
105,F,16,GT3,T
106,M,17,GT3,T
107,M,14,GT3,T
108,F,17,LE3,T
109,M,17,GT3,A
110,M,15,LE3,T
111,M,13,LE3,A
112,M,15,LE3,T
113,F,17,GT3,T
114,F,15,LE3,T
115,F,15,LE3,T
116,F,15,LE3,T
117,F,16,GT3,T
118,M,16,GT3,T
119,F,15,LE3,T
120,F,15,GT3,T
121,F,15,GT3,T
122,F,15,GT3,T
123,M,17,LE3,T
124,M,15,GT3,T
125,M,17,GT3,A
126,M,17,GT3,T
127,F,16,LE3,A
128,F,15,GT3,T
129,M,16,GT3,T
130,F,15,GT3,T
131,M,15,LE3,T
132,M,16,LE3,T
133,M,14,GT3,T
134,M,17,GT3,T
135,F,15,LE3,T
136,M,16,GT3,T
137,F,16,LE3,A
138,F,15,GT3,T
139,M,16,GT3,T
140,F,15,GT3,T
141,F,16,GT3,T
142,M,14,LE3,T
143,F,16,GT3,T
144,M,17,LE3,A
145,M,14,GT3,T
146,M,15,GT3,T
147,F,16,GT3,A
148,F,16,LE3,A
149,M,16,GT3,T
150,M,16,LE3,A
151,F,16,LE3,T
152,M,17,GT3,A
153,M,16,GT3,T
154,F,15,GT3,T
155,F,16,LE3,T
156,M,17,LE3,T
157,F,15,GT3,T
158,F,15,GT3,T
159,M,17,LE3,T
160,F,15,GT3,T
161,M,13,GT3,T
162,F,16,GT3,T
163,F,15,GT3,T
164,F,15,GT3,T
165,M,16,GT3,A
166,F,16,GT3,T
167,M,16,LE3,T
168,M,15,GT3,T
169,M,16,GT3,T
170,F,15,GT3,T
171,F,16,LE3,T
172,M,16,GT3,A
173,F,15,GT3,T
174,M,17,LE3,T
175,F,15,GT3,T
176,M,16,GT3,A
177,F,16,LE3,T
178,M,17,GT3,T
179,F,15,GT3,T
180,M,15,GT3,T
181,M,15,LE3,T
182,M,15,LE3,T
183,F,16,GT3,A
184,F,14,LE3,T
185,M,14,GT3,T
186,F,14,LE3,T
187,F,16,LE3,T
188,F,17,LE3,T
189,F,15,GT3,T
190,M,15,GT3,T
191,M,16,LE3,T
192,F,17,LE3,T
193,F,15,LE3,T
194,F,16,GT3,A
195,M,16,GT3,T
196,M,16,GT3,T
197,F,16,GT3,T
198,F,17,GT3,T
199,F,13,LE3,A
200,F,16,GT3,T
201,F,15,LE3,T
202,M,14,LE3,T
203,M,16,GT3,T
204,F,17,GT3,T
205,F,15,GT3,T
206,M,16,GT3,A
207,M,17,GT3,A
208,F,17,LE3,T
209,M,17,GT3,T
210,M,16,GT3,A
211,F,16,GT3,T
212,F,14,GT3,T
213,F,15,LE3,T
214,M,15,GT3,A
215,F,18,GT3,A
216,M,15,LE3,T
217,M,16,GT3,T
218,F,16,GT3,T
219,F,16,GT3,T
220,F,17,GT3,T
221,F,15,LE3,T
222,F,16,LE3,T
223,M,15,LE3,A
224,M,14,GT3,T
225,M,15,LE3,T
226,M,15,LE3,T
227,F,15,GT3,T
228,M,15,GT3,T
229,F,14,GT3,A
230,F,15,LE3,A
231,F,14,LE3,T
232,F,16,LE3,T
233,F,16,GT3,A
234,F,14,GT3,T
235,M,15,GT3,T
236,F,15,LE3,T
237,M,16,GT3,A
238,M,17,LE3,T
239,F,14,LE3,T
240,M,16,GT3,A
241,F,15,GT3,T
242,F,16,LE3,T
243,F,16,LE3,T
244,M,15,GT3,A
245,M,15,LE3,T
246,F,15,LE3,A
247,M,17,LE3,T
248,F,16,LE3,T
249,F,17,LE3,A
250,F,15,GT3,T
251,M,15,LE3,T
252,M,14,GT3,T
253,F,14,GT3,T
254,M,14,GT3,T
255,M,16,GT3,T
256,F,16,GT3,T
257,F,14,LE3,A
258,F,16,GT3,T
259,F,15,GT3,A
260,M,16,GT3,T
261,F,17,GT3,T
262,F,16,GT3,T
263,M,15,GT3,T
264,F,15,LE3,T
265,F,13,GT3,T
266,F,15,GT3,A
267,F,15,GT3,A
268,F,15,LE3,T
269,M,15,GT3,A
270,M,16,LE3,T
271,F,15,LE3,T
272,F,15,GT3,A
273,F,16,LE3,T
274,F,16,GT3,T
275,F,14,LE3,T
276,F,17,GT3,T
277,F,15,LE3,T
278,F,16,LE3,T
279,F,16,LE3,A
280,F,16,LE3,T
281,F,16,LE3,T
282,M,16,LE3,T
283,M,15,GT3,T
284,M,16,LE3,T
285,F,14,GT3,T
286,M,16,LE3,A
287,F,15,GT3,A
288,F,15,GT3,A
289,M,15,GT3,A
290,F,14,LE3,T
291,M,15,LE3,A
292,M,16,GT3,T
293,F,16,LE3,T
294,M,14,LE3,T
295,M,17,LE3,T
296,F,15,LE3,T
297,F,16,LE3,A
298,M,16,GT3,T
299,F,15,LE3,T
300,M,17,GT3,T
301,M,14,LE3,T
302,F,16,LE3,T
303,F,17,GT3,T
304,F,15,LE3,T
305,F,17,GT3,T
306,F,15,GT3,T
307,F,16,LE3,T
308,M,16,GT3,T
309,F,15,LE3,T
310,M,16,GT3,T
311,M,16,LE3,T
312,M,14,GT3,T
313,M,17,LE3,T
314,F,14,GT3,T
315,F,17,GT3,T
316,F,17,GT3,T
317,M,14,GT3,T
318,M,15,GT3,A
319,M,14,GT3,A
320,M,15,LE3,T
321,F,15,LE3,T
322,F,16,LE3,T
323,F,17,LE3,A
324,M,17,LE3,A
325,F,15,GT3,T
326,F,15,LE3,A
327,F,14,GT3,T
328,F,15,LE3,T
329,M,16,LE3,T
330,M,17,GT3,T
331,M,14,GT3,A
332,F,15,GT3,T
333,M,15,GT3,T
334,M,16,LE3,A
335,M,15,GT3,A
336,M,16,LE3,T
337,F,15,LE3,T
338,F,15,GT3,T
339,F,16,LE3,T
340,M,16,LE3,A
341,F,15,GT3,A
342,F,15,GT3,T
343,M,15,LE3,T
344,M,15,LE3,T
345,M,15,LE3,A
346,F,17,LE3,T
347,F,16,GT3,T
348,M,15,LE3,T
349,M,16,GT3,T
350,F,15,LE3,T
351,F,17,GT3,T
352,F,16,LE3,A
353,F,15,GT3,A
354,M,16,LE3,T
355,M,14,GT3,T
356,F,14,LE3,T
357,M,14,LE3,T
358,F,16,GT3,T
359,F,17,GT3,A
360,F,18,GT3,T
361,M,16,GT3,T
362,F,16,GT3,A
363,F,14,LE3,A
364,F,15,LE3,T
365,F,15,LE3,T
366,M,15,GT3,T
367,F,15,LE3,T
368,F,15,LE3,T
369,M,14,GT3,T
370,M,16,GT3,A
371,M,14,LE3,T
372,M,16,LE3,T
373,M,18,LE3,T
374,F,15,LE3,T
375,M,13,LE3,A
376,M,15,GT3,T
377,F,17,GT3,T
378,M,17,GT3,T
379,F,14,LE3,T
380,M,16,GT3,T
381,M,15,LE3,T
382,F,15,GT3,T
383,F,18,GT3,T
384,F,14,LE3,T
385,F,16,LE3,A
386,F,16,GT3,A
387,M,17,LE3,T
388,M,16,GT3,T
389,F,16,LE3,T
390,F,15,GT3,T
391,F,16,LE3,T
392,M,15,LE3,A
393,M,16,GT3,A
394,F,15,LE3,T
395,M,16,LE3,T
396,F,15,LE3,A
397,F,17,LE3,A
398,M,15,LE3,T
399,F,14,LE3,T
400,F,17,GT3,T
401,M,15,LE3,T
402,F,15,GT3,T
403,F,15,LE3,T
404,F,17,LE3,T
405,M,13,GT3,T
406,F,19,LE3,T
407,M,17,GT3,T
408,M,16,LE3,A
409,F,15,GT3,A
410,M,16,GT3,T
411,M,16,GT3,T
412,F,16,GT3,A
413,F,16,GT3,T
414,F,16,LE3,T
415,F,15,LE3,T
416,M,15,GT3,T
417,M,15,LE3,T
418,M,17,LE3,A
419,F,16,GT3,T
420,F,13,LE3,T
421,F,16,GT3,A
422,F,16,GT3,T
423,M,15,GT3,T
424,F,15,GT3,T
425,M,17,LE3,T
426,F,16,LE3,T
427,M,15,GT3,T
428,F,16,LE3,T
429,M,15,GT3,T
430,M,14,GT3,T
431,M,15,GT3,T
432,F,16,LE3,T
433,F,16,GT3,T
434,M,16,GT3,T
435,M,16,GT3,A
436,F,16,LE3,T
437,M,15,GT3,T
438,F,16,GT3,T
439,F,16,GT3,T
440,M,16,GT3,T
441,M,17,LE3,A
442,F,16,GT3,A
443,M,16,GT3,T
444,M,17,LE3,T
445,F,15,GT3,T
446,F,15,GT3,T
447,F,15,GT3,T
448,F,15,GT3,T
449,M,15,GT3,A
450,M,15,GT3,T
451,F,15,LE3,T
452,F,15,LE3,T
453,M,14,GT3,T
454,F,16,GT3,T
455,M,16,GT3,A
456,F,15,GT3,T
457,M,16,LE3,T
458,F,16,GT3,T
459,M,14,LE3,T
460,M,15,GT3,A
461,M,15,GT3,T
462,F,15,LE3,T
463,F,16,LE3,A
464,F,15,GT3,T
465,F,15,GT3,T
466,M,13,LE3,T
467,M,16,GT3,A
468,F,14,GT3,T
469,M,16,GT3,T
470,F,16,GT3,T
471,M,17,GT3,T
472,F,14,GT3,T
473,M,12,GT3,T
474,F,16,GT3,T
475,F,17,LE3,T
476,F,17,GT3,T
477,M,16,LE3,T
478,F,15,LE3,A
479,F,16,LE3,T
480,F,15,LE3,T
481,F,16,GT3,T
482,F,16,LE3,T
483,F,17,GT3,A
484,F,18,GT3,A
485,F,16,GT3,A
486,F,15,LE3,T
487,M,15,GT3,T
488,M,14,GT3,T
489,F,15,GT3,T
490,F,15,GT3,T
491,F,15,GT3,A
492,F,16,GT3,T
493,M,15,LE3,T
494,M,17,GT3,T
495,F,16,LE3,A
496,M,15,GT3,T
497,F,15,LE3,T
498,M,16,LE3,A
499,F,16,GT3,T
500,F,15,GT3,T
501,F,15,LE3,T
502,F,15,GT3,T
503,M,14,GT3,A
504,F,15,LE3,T
505,F,15,GT3,T
506,M,16,LE3,T
507,F,16,GT3,T
508,F,16,GT3,T
509,F,16,LE3,T
510,F,15,GT3,T
511,F,16,LE3,T
512,M,15,GT3,A
513,F,16,GT3,T
514,F,15,GT3,T
515,M,13,LE3,T
516,M,15,LE3,A
517,M,17,LE3,T
518,F,16,LE3,T
519,F,16,GT3,T
520,M,17,GT3,T
521,F,16,GT3,T
522,M,16,GT3,A
523,F,15,GT3,A
524,F,15,GT3,T
525,F,16,GT3,T
526,F,17,GT3,T
527,M,15,LE3,T
528,M,15,LE3,A
529,M,16,GT3,T
530,F,16,LE3,T
531,F,14,LE3,T
532,F,13,GT3,T
533,F,15,GT3,T
534,F,14,GT3,T
535,F,15,LE3,T
536,F,15,LE3,A
537,F,15,GT3,T
538,M,17,GT3,T
539,F,16,GT3,T
540,M,16,GT3,T
541,F,16,GT3,T
542,F,14,GT3,T
543,M,17,LE3,T
544,F,15,GT3,T
545,F,16,GT3,A
546,M,14,GT3,T
547,M,14,GT3,T
548,F,16,GT3,T
549,F,16,LE3,T
550,F,15,GT3,T
551,F,15,LE3,A
552,F,17,GT3,T
553,F,14,LE3,A
554,F,17,LE3,T
555,F,15,GT3,T
556,M,16,GT3,T
557,M,15,GT3,A
558,M,16,LE3,T
559,F,15,GT3,A
560,F,15,LE3,A
561,F,16,GT3,A
562,M,14,GT3,T
563,M,16,GT3,T
564,M,15,LE3,T
565,M,15,GT3,T
566,F,15,LE3,T
567,M,13,GT3,T
568,M,15,LE3,T
569,F,18,GT3,T
570,M,16,LE3,T
571,F,15,GT3,T
572,F,15,GT3,T
573,M,16,GT3,T
574,F,16,LE3,T
575,F,14,GT3,T
576,F,17,GT3,T
577,M,16,GT3,T
578,F,16,LE3,T
579,F,16,GT3,T
580,M,16,GT3,T
581,F,16,LE3,T
582,F,16,LE3,T
583,F,15,GT3,T
584,M,15,LE3,T
585,F,16,LE3,T
586,M,17,GT3,T
587,M,14,GT3,T
588,M,14,LE3,T
589,M,16,GT3,T
590,M,16,LE3,T
591,M,16,LE3,T
592,F,16,LE3,A
593,M,15,GT3,T
594,M,17,LE3,T
595,F,14,LE3,T
596,F,15,GT3,T
597,F,15,GT3,A
598,M,14,LE3,T
599,M,15,GT3,T
600,M,17,LE3,A
601,M,16,GT3,T
602,M,16,GT3,T
603,M,14,GT3,A
604,M,15,LE3,T
605,M,15,LE3,T
606,F,15,LE3,T
607,M,17,LE3,T
608,M,16,LE3,T
609,F,14,GT3,A
610,F,16,GT3,T
611,M,16,GT3,T
612,F,17,GT3,A
613,F,17,GT3,T
614,M,14,GT3,T
615,F,15,LE3,T
616,F,14,GT3,A
617,M,15,GT3,A
618,M,16,GT3,T
619,F,16,GT3,T
620,F,15,LE3,T
621,M,15,LE3,A
622,M,16,GT3,T
623,M,15,LE3,T
624,F,18,GT3,A
625,F,14,GT3,T
626,M,16,GT3,T
627,F,18,GT3,T
628,F,16,LE3,T
629,M,15,LE3,T
630,M,15,GT3,A
631,F,15,GT3,T
632,F,17,GT3,T
633,F,13,LE3,T
634,F,17,LE3,T
635,M,14,GT3,T
636,M,15,LE3,T
637,F,15,GT3,A
638,M,16,LE3,T
639,M,14,GT3,T
640,M,16,GT3,T
641,M,18,GT3,A
642,M,14,LE3,T
643,M,16,GT3,T
644,M,15,GT3,T
645,M,16,GT3,A
646,F,16,GT3,T
647,F,15,GT3,T
648,F,16,GT3,T
649,F,17,GT3,T
650,F,15,LE3,T
651,M,16,LE3,T
652,F,14,LE3,T
653,F,15,GT3,A
654,F,16,GT3,A
655,M,17,GT3,T
656,M,16,LE3,A
657,M,15,LE3,T
658,M,15,GT3,T
659,F,14,GT3,T
660,F,16,LE3,T
661,M,16,GT3,T
662,F,15,LE3,T
663,F,15,LE3,T
664,M,16,GT3,T
665,M,15,LE3,T
666,M,15,GT3,T
667,M,18,LE3,A
668,M,15,LE3,T
669,M,15,LE3,T
670,M,15,GT3,T
671,M,16,GT3,T
672,F,15,GT3,A
673,M,15,LE3,T
674,F,17,LE3,T
675,M,17,GT3,T
676,F,15,GT3,T
677,M,14,GT3,A
678,M,17,LE3,T
679,F,15,GT3,T
680,F,16,GT3,T
681,F,14,LE3,T
682,M,16,GT3,T
683,M,14,LE3,T
684,F,16,GT3,T
685,F,16,GT3,T
686,F,15,GT3,A
687,F,15,GT3,T
688,M,16,LE3,T
689,F,16,GT3,T
690,M,16,LE3,T
691,M,17,LE3,T
692,M,14,GT3,T
693,F,17,GT3,T
694,M,16,GT3,T
695,M,15,LE3,A
696,F,14,GT3,T
697,M,15,GT3,T
698,F,16,LE3,T
699,M,15,LE3,A
700,F,17,LE3,A
701,F,14,LE3,T
702,M,15,GT3,T
703,M,14,GT3,T
704,M,16,GT3,T
705,M,16,GT3,A
706,F,15,LE3,T
707,M,13,GT3,T
708,F,16,GT3,T
709,M,16,GT3,T
710,F,16,LE3,T
711,F,17,GT3,T
712,F,14,LE3,T
713,F,16,LE3,T
714,M,17,GT3,T
715,M,14,LE3,T
716,F,16,GT3,T
717,F,15,GT3,T
718,F,15,GT3,T
719,M,16,LE3,A
720,F,15,LE3,A
721,F,15,LE3,A
722,M,16,GT3,T
723,M,14,LE3,T
724,F,14,LE3,T
725,F,16,LE3,A
726,F,14,LE3,A
727,M,16,GT3,A
728,F,16,GT3,T
729,M,14,LE3,A
730,M,15,GT3,T
731,M,17,GT3,T
732,F,15,GT3,T
733,F,15,GT3,T
734,F,16,GT3,T
735,M,16,GT3,T
736,F,15,LE3,T
737,M,15,GT3,T
738,F,17,GT3,A
739,M,17,LE3,T
740,M,16,LE3,T
741,F,16,GT3,A
742,M,15,GT3,A
743,F,15,GT3,T
744,F,16,GT3,T
745,M,16,GT3,T
746,F,17,GT3,T
747,M,16,GT3,T
748,F,14,GT3,A
749,F,17,GT3,T
750,F,15,GT3,A
751,M,15,LE3,A
752,F,16,GT3,A
753,F,17,GT3,T
754,M,19,LE3,A
755,M,16,GT3,T
756,F,15,GT3,T
757,F,16,LE3,T
758,F,16,GT3,T
759,F,15,GT3,T
760,F,17,GT3,T
761,M,16,LE3,T
762,M,16,GT3,T
763,M,16,GT3,T
764,F,16,LE3,T
765,M,16,GT3,A
766,F,15,GT3,T
767,F,15,LE3,T
768,F,14,GT3,T
769,M,16,GT3,T
770,F,16,LE3,T
771,M,16,LE3,T
772,F,17,LE3,A
773,M,15,LE3,T
774,M,16,GT3,T
775,F,14,GT3,T
776,M,15,LE3,A
777,M,16,LE3,T
778,F,16,LE3,T
779,F,15,GT3,T
780,F,15,LE3,T
781,F,14,GT3,T
782,F,15,GT3,T
783,M,16,LE3,T
784,M,16,GT3,T
785,M,16,GT3,T
786,F,16,GT3,T
787,F,16,GT3,T
788,M,15,LE3,T
789,F,16,LE3,A
790,F,16,GT3,A
791,M,16,LE3,T
792,F,15,LE3,T
793,F,13,LE3,T
794,F,17,LE3,T
795,M,15,GT3,T
796,F,15,LE3,A
797,F,16,GT3,T
798,F,15,GT3,T
799,F,17,GT3,T
800,F,16,LE3,T
801,F,16,GT3,T
802,M,14,LE3,T
803,F,17,GT3,T
804,F,16,GT3,A
805,M,15,GT3,T
806,F,16,GT3,A
807,F,14,GT3,A
808,F,16,LE3,T
809,F,14,GT3,T
810,M,14,GT3,T
811,F,14,LE3,A
812,F,17,GT3,T
813,M,15,GT3,T
814,F,17,GT3,T
815,F,15,GT3,T
816,F,14,GT3,A
817,F,14,LE3,T
818,M,17,GT3,T
819,M,15,LE3,T
820,M,15,GT3,A
821,F,16,LE3,T
822,M,16,LE3,T
823,M,17,GT3,T
824,M,17,GT3,T
825,F,15,LE3,T
826,F,14,GT3,T
827,M,15,LE3,T
828,M,16,LE3,T
829,F,15,GT3,T
830,F,15,GT3,T
831,M,16,LE3,T
832,F,15,LE3,A
833,M,16,LE3,A
834,M,15,LE3,T
835,F,15,GT3,T
836,M,15,GT3,T
837,F,16,LE3,T
838,M,17,GT3,T
839,F,14,GT3,T
840,F,15,LE3,T
841,M,14,GT3,A
842,F,15,GT3,T
843,M,15,LE3,T
844,F,14,LE3,T
845,M,15,GT3,T
846,M,14,GT3,T
847,M,16,LE3,T
848,F,16,LE3,T
849,F,15,GT3,T
850,F,16,GT3,A
851,M,15,GT3,T
852,F,15,GT3,T
853,M,17,LE3,T
854,F,17,GT3,T
855,M,14,GT3,T
856,M,16,GT3,T
857,M,16,LE3,A
858,F,14,GT3,A
859,F,16,GT3,T
860,M,17,GT3,A
861,F,14,GT3,T
862,F,15,LE3,T
863,F,17,GT3,T
864,M,16,GT3,A
865,M,16,GT3,T
866,F,16,GT3,T
867,M,16,GT3,T
868,M,14,LE3,T
869,F,17,GT3,T
870,F,17,LE3,A
871,M,15,LE3,T
872,M,15,LE3,T
873,F,14,GT3,T
874,M,16,GT3,T
875,M,16,GT3,T
876,M,15,GT3,T
877,F,17,GT3,T
878,F,15,LE3,T
879,M,16,GT3,T
880,M,14,LE3,T
881,M,15,LE3,T
882,F,15,GT3,T
883,M,16,LE3,A
884,M,15,LE3,T
885,F,15,GT3,T
886,M,16,GT3,T
887,F,15,GT3,T
888,M,14,GT3,A
889,M,17,GT3,T
890,M,17,GT3,T
891,F,14,LE3,T
892,F,16,GT3,T
893,F,15,GT3,A
894,M,16,GT3,T
895,F,16,GT3,T
896,M,15,LE3,T
897,M,15,LE3,T
898,F,15,GT3,A
899,M,15,LE3,T
900,M,15,GT3,T
901,M,15,LE3,T
902,M,15,GT3,T
903,M,16,GT3,T
904,F,17,LE3,T
905,M,15,LE3,T
906,F,16,GT3,T
907,F,16,GT3,T
908,M,16,GT3,A
909,M,16,LE3,T
910,M,16,GT3,T
911,F,16,GT3,T
912,M,14,LE3,T
913,F,16,GT3,T
914,M,16,LE3,A
915,F,15,LE3,T
916,M,16,LE3,T
917,M,16,LE3,T
918,F,15,LE3,T
919,F,17,GT3,T
920,M,18,LE3,T
921,F,15,LE3,T
922,F,14,LE3,T
923,F,16,GT3,T
924,F,16,GT3,T
925,M,15,GT3,T
926,M,17,GT3,T
927,M,14,GT3,T
928,F,16,LE3,T
929,F,15,GT3,T
930,M,17,GT3,T
931,M,17,GT3,T
932,F,15,LE3,T
933,F,15,GT3,T
934,F,16,LE3,T
935,M,15,GT3,T
936,M,15,GT3,A
937,M,16,LE3,T
938,F,14,GT3,T
939,M,15,LE3,T
940,F,15,GT3,T
941,M,15,GT3,T
942,F,17,LE3,T
943,F,14,LE3,T
944,F,16,GT3,T
945,M,15,LE3,T
946,M,15,LE3,T
947,M,16,LE3,T
948,F,16,GT3,T
949,F,16,GT3,T
950,F,16,LE3,T
951,F,15,LE3,T
952,F,15,LE3,T
953,M,14,LE3,T
954,F,15,GT3,T
955,M,18,GT3,A
956,M,17,LE3,A
957,F,14,LE3,T
958,M,14,LE3,T
959,M,16,GT3,T
960,F,16,GT3,T
961,M,16,GT3,T
962,F,15,LE3,T
963,M,15,LE3,A
964,M,16,LE3,T
965,M,16,LE3,T
966,M,13,GT3,T
967,F,15,GT3,A
968,M,15,GT3,T
969,F,16,GT3,T
970,F,18,LE3,T
971,F,16,GT3,A
972,F,15,LE3,T
973,F,16,LE3,A
974,M,16,GT3,T
975,M,16,LE3,T
976,M,16,GT3,T
977,F,18,LE3,T
978,M,14,GT3,T
979,F,16,GT3,A
980,F,15,LE3,T
981,M,16,GT3,T
982,F,15,LE3,T
983,M,15,GT3,T
984,M,15,GT3,T
985,F,16,GT3,T
986,F,16,GT3,T
987,F,14,LE3,T
988,M,16,GT3,A
989,M,15,GT3,T
990,F,14,GT3,A
991,F,15,LE3,T
992,F,15,GT3,T
993,M,18,GT3,T
994,F,16,LE3,T
995,M,14,GT3,A
996,M,15,LE3,T
997,F,17,GT3,T
998,M,18,GT3,A
999,F,14,GT3,T
1000,M,14,GT3,T
1001,M,17,GT3,T
1002,F,16,LE3,A
1003,F,15,LE3,T
1004,F,16,GT3,T
1005,F,13,LE3,T
1006,F,16,LE3,A
1007,F,16,GT3,T
1008,F,16,LE3,T
1009,M,14,LE3,T
1010,F,16,GT3,A
1011,M,15,LE3,A
1012,F,16,GT3,A
1013,F,15,GT3,T
1014,M,15,GT3,T
1015,F,15,LE3,T
1016,F,16,GT3,A
1017,M,16,GT3,T
1018,F,15,GT3,T
1019,F,16,LE3,T
1020,M,14,GT3,T
1021,F,15,GT3,T
1022,M,15,GT3,T
1023,F,18,GT3,T
1024,F,14,GT3,T
1025,F,17,GT3,T
1026,F,16,LE3,T
1027,F,16,GT3,T
1028,F,17,LE3,T
1029,M,16,GT3,T
1030,F,16,LE3,T
1031,M,15,GT3,T
1032,F,17,LE3,T
1033,M,17,GT3,T
1034,M,15,GT3,T
1035,M,14,LE3,A
1036,F,15,LE3,T
1037,M,15,LE3,T
1038,F,15,GT3,T
1039,M,17,GT3,T
1040,M,15,GT3,T
1041,F,15,LE3,T
1042,F,16,GT3,T
1043,M,16,GT3,T
1044,F,13,GT3,A
1045,F,15,GT3,T
1046,F,16,LE3,T
1047,M,17,LE3,T
1048,M,15,LE3,T
1049,F,14,LE3,A
1050,M,16,LE3,T
1051,F,15,LE3,A
1052,F,14,LE3,T
1053,F,15,GT3,T
1054,F,15,GT3,T
1055,F,15,GT3,T
1056,M,13,GT3,T
1057,F,16,LE3,T
1058,M,17,GT3,T
1059,F,16,LE3,T
1060,F,14,GT3,A
1061,F,15,LE3,T
1062,F,15,GT3,T
1063,F,16,LE3,T
1064,M,16,LE3,T
1065,M,15,GT3,T
1066,F,16,LE3,A
1067,M,16,GT3,A
1068,M,17,GT3,T
1069,M,16,GT3,A
1070,M,16,GT3,T
1071,M,16,GT3,T
1072,M,17,LE3,T
1073,M,16,GT3,T
1074,M,15,GT3,T
1075,F,17,GT3,T
1076,M,16,LE3,T
1077,M,15,GT3,T
1078,F,15,GT3,T
1079,M,16,GT3,A
1080,F,16,GT3,T
1081,F,16,LE3,T
1082,M,16,LE3,T
1083,M,17,GT3,T
1084,F,17,GT3,T
1085,F,16,GT3,T
1086,F,16,LE3,T
1087,F,14,GT3,T
1088,M,16,GT3,T
1089,F,17,GT3,T
1090,M,15,GT3,T
1091,F,15,LE3,T
1092,F,15,GT3,A
1093,F,14,LE3,T
1094,F,15,GT3,A
1095,M,15,LE3,T
1096,M,14,GT3,A
1097,M,16,LE3,T
1098,M,16,GT3,T
1099,F,15,GT3,A
1100,M,17,GT3,T
1101,M,16,LE3,T
1102,F,17,LE3,T
1103,F,15,LE3,T
1104,F,16,GT3,A
1105,F,14,LE3,T
1106,M,16,GT3,T
1107,M,16,GT3,T
1108,F,16,GT3,T
1109,F,14,GT3,T
1110,M,15,GT3,T
1111,F,16,LE3,T
1112,M,15,GT3,T
1113,M,16,GT3,A
1114,F,14,LE3,T
1115,F,16,GT3,T
1116,F,14,GT3,T
1117,M,16,GT3,T
1118,F,16,LE3,T
1119,M,15,GT3,A
1120,M,16,LE3,T
1121,F,16,LE3,A
1122,F,15,GT3,T
1123,F,14,GT3,T
1124,F,14,GT3,T
1125,F,16,LE3,T
1126,F,14,GT3,T
1127,M,16,GT3,A
1128,M,15,LE3,T
1129,M,16,GT3,A
1130,M,15,LE3,T
1131,F,15,GT3,T
1132,F,16,GT3,T
1133,M,16,LE3,T
1134,M,16,LE3,A
1135,F,16,LE3,T
1136,M,14,LE3,T
1137,F,16,GT3,T
1138,F,16,GT3,T
1139,F,14,LE3,T
1140,F,15,LE3,T
1141,F,15,GT3,T
1142,M,15,GT3,T
1143,F,16,LE3,T
1144,F,17,LE3,T
1145,M,17,GT3,T
1146,F,14,LE3,T
1147,F,16,LE3,T
1148,F,17,GT3,T
1149,F,16,GT3,T
1150,F,17,GT3,T
1151,F,18,GT3,T
1152,F,17,GT3,T
1153,F,16,LE3,T
1154,F,17,LE3,A
1155,F,16,LE3,T
1156,F,16,LE3,T
1157,M,15,GT3,T
1158,F,17,GT3,T
1159,F,15,GT3,T
1160,M,17,GT3,T
1161,F,16,LE3,T
1162,M,14,LE3,T
1163,M,16,GT3,T
1164,F,13,GT3,T
1165,M,16,GT3,T
1166,F,16,GT3,T
1167,F,15,GT3,T
1168,F,16,GT3,T
1169,M,17,LE3,A
1170,M,15,GT3,T
1171,F,14,GT3,T
1172,F,17,LE3,T
1173,F,17,GT3,A
1174,M,16,LE3,T
1175,F,17,GT3,T
1176,F,17,LE3,T
1177,F,15,GT3,T
1178,M,15,LE3,A
1179,F,17,GT3,T
1180,F,17,LE3,T
1181,F,16,LE3,A
1182,M,15,GT3,T
1183,F,17,GT3,T
1184,F,15,LE3,T
1185,M,15,LE3,T
1186,F,16,GT3,T
1187,F,17,GT3,T
1188,M,16,GT3,T
1189,M,16,LE3,T
1190,F,16,GT3,A
1191,M,16,LE3,T
1192,F,16,LE3,A
1193,M,13,GT3,T
1194,F,15,GT3,T
1195,M,16,GT3,A
1196,F,14,LE3,T
1197,F,16,GT3,T
1198,F,15,GT3,T
1199,F,17,GT3,T
1200,M,17,LE3,T
1201,F,15,LE3,A
1202,M,15,LE3,T
1203,M,15,GT3,T
1204,M,15,LE3,T
1205,F,16,GT3,T
1206,F,15,LE3,T
1207,F,14,GT3,T
1208,M,16,LE3,T
1209,M,16,GT3,T
1210,F,15,GT3,A
1211,M,16,LE3,T
1212,F,15,GT3,T
1213,M,16,GT3,T
1214,F,16,GT3,T
1215,F,15,GT3,T
1216,M,16,LE3,A
1217,M,15,LE3,T
1218,F,15,LE3,A
1219,F,15,LE3,T
1220,M,15,LE3,A
1221,F,15,LE3,T
1222,M,14,GT3,A
1223,M,15,GT3,T
1224,F,15,LE3,T
1225,M,15,LE3,A
1226,F,15,GT3,T
1227,M,15,LE3,T
1228,M,16,LE3,T
1229,F,16,LE3,A
1230,M,15,GT3,T
1231,F,14,GT3,T
1232,M,14,LE3,T
1233,M,15,GT3,T
1234,M,15,GT3,A
1235,F,15,GT3,T
1236,M,14,GT3,T
1237,F,15,GT3,A
1238,F,16,LE3,T
1239,F,16,LE3,T
1240,M,15,GT3,T
1241,F,15,GT3,T
1242,F,15,GT3,T
1243,F,15,GT3,T
1244,F,15,GT3,T
1245,F,16,LE3,T
1246,F,14,GT3,T
1247,M,15,GT3,T
1248,M,16,GT3,T
1249,F,16,GT3,T
1250,F,18,GT3,T
1251,F,16,LE3,T
1252,F,14,GT3,T
1253,M,15,LE3,T
1254,M,14,GT3,T
1255,F,15,GT3,T
1256,M,15,LE3,T
1257,M,16,GT3,T
1258,F,15,GT3,A
1259,M,15,GT3,A
1260,F,15,LE3,T
1261,M,17,GT3,T
1262,F,15,GT3,T
1263,M,17,GT3,T
1264,F,16,LE3,T
1265,M,16,GT3,T
1266,M,16,GT3,T
1267,M,16,LE3,T
1268,F,14,LE3,T
1269,F,15,LE3,T
1270,M,16,GT3,T
1271,F,15,GT3,T
1272,F,14,GT3,T
1273,F,15,LE3,T
1274,M,17,GT3,T
1275,F,17,LE3,T
1276,M,15,LE3,T
1277,M,16,GT3,T
1278,F,15,LE3,A
1279,M,14,GT3,A
1280,F,15,LE3,T
1281,F,17,GT3,T
1282,F,15,GT3,T
1283,F,15,GT3,A
1284,M,15,LE3,T
1285,M,17,LE3,A
1286,F,17,GT3,T
1287,M,18,LE3,T
1288,M,15,GT3,A
1289,M,16,GT3,T
1290,M,14,LE3,T
1291,M,17,LE3,T
1292,M,14,GT3,T
1293,F,16,GT3,T
1294,F,14,GT3,T
1295,F,15,GT3,T
1296,M,15,GT3,T
1297,M,15,LE3,A
1298,M,15,GT3,T
1299,F,15,GT3,T
1300,F,16,LE3,T
1301,M,14,LE3,T
1302,F,16,LE3,T
1303,M,17,LE3,A
1304,F,15,GT3,T
1305,F,15,LE3,T
1306,F,15,LE3,T
1307,F,17,LE3,T
1308,F,16,GT3,A
1309,M,15,GT3,T
1310,F,16,GT3,T
1311,M,14,LE3,T
1312,F,16,GT3,T
1313,F,16,GT3,T
1314,F,15,LE3,T
1315,F,15,LE3,T
1316,F,15,LE3,T
1317,F,16,LE3,T
1318,F,17,GT3,A
1319,M,15,GT3,A
1320,M,16,GT3,T
1321,M,13,GT3,T
1322,M,15,GT3,T
1323,F,15,GT3,T
1324,M,15,GT3,T
1325,F,15,LE3,T
1326,M,15,LE3,A
1327,M,16,GT3,A
1328,F,15,LE3,T
1329,F,13,LE3,T
1330,F,13,GT3,T
1331,F,15,GT3,T
1332,F,16,GT3,T
1333,M,13,GT3,T
1334,F,15,GT3,A
1335,F,15,GT3,T
1336,F,17,GT3,T
1337,M,15,GT3,T
1338,F,16,GT3,T
1339,M,16,GT3,T
1340,M,13,GT3,A
1341,M,16,GT3,T
1342,F,16,LE3,T
1343,F,16,LE3,T
1344,F,19,LE3,T
1345,F,13,GT3,A
1346,M,17,LE3,T
1347,M,15,LE3,A
1348,M,16,GT3,T
1349,F,15,LE3,T
1350,M,15,GT3,T
1351,F,15,LE3,T
1352,F,16,GT3,T
1353,M,14,GT3,T
1354,F,16,GT3,T
1355,F,15,GT3,T
1356,F,14,GT3,T
1357,F,15,LE3,T
1358,M,17,LE3,T
1359,M,15,LE3,T
1360,F,16,GT3,T
1361,F,15,GT3,T
1362,M,16,GT3,T
1363,F,16,LE3,T
1364,F,17,GT3,T
1365,F,15,GT3,T
1366,M,16,GT3,A
1367,F,16,GT3,T
1368,F,17,LE3,T
1369,M,15,GT3,T
1370,M,16,GT3,T
1371,F,15,LE3,A
1372,M,15,LE3,T
1373,F,16,GT3,A
1374,F,16,GT3,A
1375,M,15,GT3,T
1376,F,16,LE3,T
1377,M,17,GT3,T
1378,F,16,GT3,T
1379,M,16,GT3,T
1380,F,15,GT3,T
1381,M,15,LE3,T
1382,M,16,GT3,T
1383,F,16,LE3,T
1384,M,17,GT3,A
1385,F,15,GT3,T
1386,M,15,GT3,A
1387,F,14,GT3,T
1388,M,15,GT3,T
1389,F,16,GT3,T
1390,F,15,GT3,T
1391,M,16,GT3,T
1392,M,15,GT3,T
1393,M,16,GT3,A
1394,F,14,LE3,T
1395,M,16,GT3,T
1396,F,13,LE3,A
1397,M,15,GT3,T
1398,M,14,LE3,T
1399,F,17,GT3,T
1400,F,16,GT3,A
1401,M,16,GT3,T
1402,M,17,GT3,T
1403,M,15,LE3,T
1404,F,17,LE3,A
1405,F,16,LE3,T
1406,F,15,GT3,A
1407,F,17,GT3,T
1408,F,14,GT3,T
1409,F,15,LE3,T
1410,F,15,LE3,T
1411,M,15,GT3,A
1412,M,14,GT3,T
1413,M,17,GT3,T
1414,M,15,GT3,T
1415,F,16,GT3,T
1416,F,15,LE3,T
1417,M,14,GT3,T
1418,M,16,GT3,T
1419,F,14,LE3,T
1420,F,15,GT3,T
1421,M,14,LE3,T
1422,F,17,GT3,T
1423,M,16,LE3,T
1424,M,16,GT3,T
1425,F,17,LE3,A
1426,F,15,GT3,T
1427,M,16,GT3,A
1428,F,16,GT3,A
1429,F,16,GT3,T
1430,F,17,GT3,T
1431,F,16,LE3,A
1432,F,16,LE3,T
1433,F,14,LE3,T
1434,F,15,GT3,T
1435,M,15,LE3,T
1436,M,16,GT3,T
1437,M,14,GT3,T
1438,F,18,LE3,T
1439,M,17,LE3,T
1440,F,16,LE3,T
1441,F,16,GT3,T
1442,M,15,LE3,T
1443,F,15,LE3,A
1444,M,16,GT3,T
1445,F,16,GT3,T
1446,M,14,LE3,T
1447,F,16,LE3,T
1448,F,15,LE3,T
1449,F,14,GT3,A
1450,F,15,GT3,T
1451,F,15,LE3,A
1452,F,17,LE3,T
1453,F,16,GT3,T
1454,F,14,GT3,T
1455,M,16,LE3,A
1456,F,14,GT3,T
1457,F,17,LE3,T
1458,F,15,LE3,A
1459,M,15,GT3,T
1460,F,17,GT3,T
1461,M,14,GT3,A
1462,F,14,GT3,T
1463,M,15,GT3,T
1464,F,17,GT3,T
1465,F,14,GT3,T
1466,M,13,GT3,T
1467,F,15,GT3,T
1468,M,16,LE3,T
1469,F,17,GT3,T
1470,F,15,GT3,A
1471,F,15,GT3,A
1472,F,17,LE3,T
1473,F,14,GT3,T
1474,M,15,GT3,A
1475,M,16,LE3,T
1476,F,16,GT3,T
1477,F,15,LE3,A
1478,F,16,LE3,T
1479,F,13,GT3,T
1480,M,15,GT3,T
1481,F,16,GT3,T
1482,M,15,LE3,T
1483,F,16,GT3,T
1484,M,16,LE3,T
1485,M,15,LE3,T
1486,M,16,LE3,T
1487,M,15,GT3,T
1488,F,15,GT3,T
1489,M,16,GT3,T
1490,M,16,GT3,A
1491,M,15,LE3,T
1492,M,16,GT3,T
1493,M,16,GT3,T
1494,M,13,GT3,T
1495,F,17,LE3,T
1496,F,15,GT3,T
1497,F,16,GT3,T
1498,F,17,GT3,T
1499,M,14,GT3,A
1500,F,15,LE3,T
1501,F,15,GT3,T
1502,F,15,LE3,T
1503,M,17,GT3,T
1504,M,15,GT3,A
1505,M,15,LE3,T
1506,M,16,GT3,T
1507,F,14,GT3,T
1508,F,15,LE3,T
1509,F,16,GT3,T
1510,F,15,LE3,T
1511,F,15,GT3,A
1512,F,15,GT3,T
1513,F,14,GT3,T
1514,M,16,GT3,T
1515,M,17,GT3,T
1516,M,16,GT3,T
1517,F,16,LE3,T
1518,F,16,GT3,T
1519,M,14,GT3,T
1520,F,17,LE3,A
1521,M,16,GT3,T
1522,F,17,GT3,A
1523,M,15,GT3,A
1524,M,17,LE3,T
1525,F,16,LE3,T
1526,M,16,LE3,T
1527,M,16,GT3,A
1528,M,15,LE3,T
1529,F,17,GT3,T
1530,F,16,LE3,A
1531,M,14,GT3,T
1532,F,14,LE3,T
1533,F,15,GT3,T
1534,M,16,LE3,T
1535,M,15,GT3,T
1536,M,17,LE3,T
1537,M,14,GT3,T
1538,F,16,GT3,A
1539,M,14,LE3,T
1540,F,16,GT3,A
1541,F,15,GT3,A
1542,M,16,LE3,T
1543,F,15,GT3,T
1544,M,17,LE3,T
1545,F,17,GT3,T
1546,F,16,GT3,T
1547,F,15,LE3,T
1548,F,16,GT3,T
1549,M,15,GT3,A
1550,F,16,GT3,T
1551,F,17,GT3,T
1552,F,17,GT3,T
1553,F,15,GT3,A
1554,F,16,LE3,T
1555,M,14,GT3,A
1556,M,16,GT3,T
1557,F,16,GT3,T
1558,M,14,GT3,T
1559,F,14,GT3,T
1560,F,15,GT3,T
1561,M,15,GT3,T
1562,M,14,LE3,T
1563,F,16,GT3,A
1564,M,16,GT3,T
1565,F,15,LE3,A
1566,M,15,GT3,T
1567,F,17,GT3,T
1568,M,17,LE3,T
1569,F,15,LE3,T
1570,F,15,LE3,T
1571,F,16,GT3,T
1572,M,15,LE3,T
1573,F,15,LE3,T
1574,F,16,GT3,T
1575,M,14,LE3,A
1576,M,17,LE3,T
1577,M,16,LE3,T
1578,F,15,GT3,T
1579,F,15,GT3,T
1580,F,15,LE3,T
1581,M,14,GT3,T
1582,M,17,GT3,T
1583,F,16,LE3,T
1584,F,16,LE3,T
1585,F,16,LE3,T
1586,M,14,GT3,T
1587,F,16,GT3,A
1588,M,15,LE3,T
1589,M,16,GT3,T
1590,F,13,LE3,A
1591,F,15,GT3,A
1592,F,15,GT3,T
1593,M,16,LE3,T
1594,M,16,GT3,A
1595,F,15,LE3,T
1596,F,15,GT3,A
1597,M,15,LE3,T
1598,M,15,GT3,T
1599,M,16,LE3,T
1600,F,15,GT3,T
1601,M,13,LE3,A
1602,M,15,GT3,A
1603,M,14,LE3,T
1604,M,14,GT3,T
1605,M,14,LE3,A
1606,F,16,LE3,T
1607,M,17,GT3,T
1608,F,16,LE3,T
1609,M,15,LE3,T
1610,F,16,GT3,T
1611,F,15,GT3,T
1612,F,15,LE3,T
1613,F,14,GT3,A
1614,M,14,GT3,T
1615,M,15,LE3,T
1616,F,16,GT3,T
1617,F,15,GT3,T
1618,F,15,GT3,T
1619,F,15,LE3,T
1620,F,16,GT3,T
1621,F,14,LE3,T
1622,M,16,LE3,T
1623,F,14,LE3,T
1624,F,15,GT3,T
1625,M,14,GT3,T
1626,F,15,GT3,T
1627,M,16,GT3,T
1628,F,16,LE3,A
1629,M,16,LE3,A
1630,F,16,LE3,T
1631,F,14,LE3,T
1632,M,15,GT3,T
1633,F,15,GT3,A
1634,F,17,LE3,T
1635,F,14,LE3,T
1636,M,16,LE3,T
1637,M,16,GT3,T
1638,M,17,GT3,A
1639,F,15,GT3,T
1640,F,16,GT3,T
1641,F,18,GT3,T
1642,F,15,LE3,T
1643,F,14,LE3,T
1644,F,14,GT3,T
1645,M,16,GT3,A
1646,F,14,LE3,T
1647,M,15,GT3,T
1648,F,16,GT3,A
1649,F,16,GT3,T
1650,F,16,GT3,T
1651,M,16,GT3,T
1652,M,17,GT3,A
1653,M,15,LE3,T
1654,M,15,LE3,A
1655,M,15,LE3,T
1656,F,16,LE3,T
1657,F,16,GT3,T
1658,M,16,GT3,T
1659,M,17,LE3,T
1660,M,14,GT3,T
1661,F,17,LE3,A
1662,F,17,LE3,T
1663,F,16,LE3,T
1664,F,17,LE3,T
1665,F,14,LE3,T
1666,F,15,GT3,T
1667,M,15,GT3,T
1668,F,16,GT3,T
1669,M,14,LE3,T
1670,F,16,LE3,T
1671,M,17,LE3,A
1672,F,16,GT3,A
1673,F,16,LE3,T
1674,F,15,GT3,T
1675,F,15,GT3,T
1676,M,17,GT3,T
1677,M,16,GT3,T
1678,M,15,LE3,T
1679,M,15,LE3,T
1680,F,13,LE3,T
1681,M,14,GT3,T
1682,F,17,LE3,T
1683,F,14,LE3,T
1684,F,16,GT3,A
1685,M,17,LE3,T
1686,F,14,GT3,T
1687,F,16,GT3,T
1688,F,16,LE3,A
1689,F,16,LE3,T
1690,F,18,LE3,T
1691,M,14,GT3,A
1692,F,17,GT3,T
1693,M,15,GT3,T
1694,M,16,GT3,T
1695,M,16,GT3,T
1696,M,15,LE3,T
1697,M,16,LE3,T
1698,M,14,GT3,T
1699,F,16,LE3,T
1700,F,16,LE3,T
1701,F,16,GT3,T
1702,M,17,GT3,T
1703,M,16,GT3,A
1704,F,16,GT3,T
1705,M,15,LE3,T
1706,M,15,GT3,T
1707,F,17,LE3,T
1708,M,17,LE3,T
1709,F,15,GT3,T
1710,F,16,LE3,T
1711,M,15,GT3,T
1712,M,17,LE3,T
1713,F,16,GT3,T
1714,F,17,LE3,T
1715,M,15,GT3,T
1716,F,15,GT3,T
1717,M,16,LE3,T
1718,F,16,LE3,T
1719,F,15,LE3,T
1720,M,15,LE3,T
1721,M,16,GT3,A
1722,M,16,GT3,T
1723,M,15,LE3,T
1724,M,17,LE3,A
1725,F,17,LE3,T
1726,M,16,GT3,T
1727,F,16,LE3,T
1728,F,16,GT3,T
1729,F,15,GT3,T
1730,F,16,LE3,T
1731,M,13,GT3,T
1732,F,16,GT3,T
1733,F,14,GT3,T
1734,M,17,LE3,T
1735,M,15,LE3,T
1736,F,15,GT3,T
1737,M,15,GT3,T
1738,M,15,GT3,T
1739,M,17,GT3,T
1740,M,13,GT3,T
1741,F,17,GT3,T
1742,F,16,LE3,T
1743,F,14,GT3,T
1744,M,14,GT3,T
1745,M,17,GT3,T
1746,F,15,GT3,T
1747,M,14,LE3,T
1748,M,17,GT3,T
1749,F,16,GT3,A
1750,M,15,LE3,T
1751,F,16,GT3,A
1752,M,14,LE3,A
1753,M,17,LE3,T
1754,M,17,LE3,T
1755,F,16,GT3,T
1756,F,16,GT3,A
1757,F,17,GT3,T
1758,F,15,GT3,A
1759,M,14,GT3,T
1760,F,16,LE3,T
1761,F,18,LE3,T
1762,F,14,GT3,T
1763,M,15,LE3,T
1764,F,16,GT3,T
1765,M,15,GT3,A
1766,M,15,GT3,T
1767,F,17,GT3,T
1768,F,18,LE3,T
1769,M,16,LE3,T
1770,M,15,GT3,T
1771,F,14,LE3,T
1772,F,16,GT3,T
1773,F,17,LE3,T
1774,F,16,GT3,T
1775,F,15,GT3,T
1776,M,15,GT3,T
1777,F,14,LE3,T
1778,M,16,LE3,T
1779,M,16,GT3,T
1780,F,14,LE3,T
1781,M,17,GT3,T
1782,F,16,GT3,A
1783,F,17,GT3,A
1784,F,14,GT3,T
1785,F,14,LE3,T
1786,F,15,GT3,A
1787,F,16,GT3,T
1788,F,17,GT3,T
1789,M,16,GT3,T
1790,F,15,GT3,T
1791,M,14,LE3,A
1792,F,17,LE3,T
1793,F,15,GT3,T
1794,F,17,LE3,T
1795,M,15,GT3,T
1796,M,17,GT3,A
1797,F,16,LE3,T
1798,M,15,LE3,T
1799,M,15,GT3,T
1800,M,15,LE3,A
1801,F,16,GT3,T
1802,F,16,GT3,T
1803,M,15,GT3,T
1804,M,15,GT3,T
1805,M,16,LE3,T
1806,F,13,GT3,T
1807,F,16,LE3,T
1808,M,15,LE3,T
1809,M,14,GT3,T
1810,M,14,GT3,T
1811,F,14,LE3,T
1812,F,14,GT3,T
1813,M,15,GT3,T
1814,M,17,LE3,T
1815,M,15,LE3,T
1816,F,16,GT3,T
1817,M,16,GT3,A
1818,F,16,GT3,T
1819,F,15,GT3,A
1820,M,14,LE3,T
1821,M,17,GT3,T
1822,M,17,GT3,T
1823,F,14,GT3,T
1824,F,14,LE3,T
1825,F,15,LE3,T
1826,F,15,LE3,A
1827,M,16,GT3,T
1828,F,15,GT3,A
1829,F,18,GT3,A
1830,M,17,LE3,T
1831,F,16,LE3,T
1832,F,17,GT3,T
1833,F,17,GT3,A
1834,F,15,GT3,T
1835,F,15,LE3,T
1836,F,16,GT3,T
1837,M,16,LE3,A
1838,M,16,LE3,T
1839,F,14,GT3,T
1840,M,15,LE3,T
1841,M,15,LE3,A
1842,M,15,GT3,T
1843,M,17,GT3,T
1844,F,14,GT3,T
1845,F,16,GT3,A
1846,M,17,LE3,T
1847,M,18,LE3,A
1848,M,15,GT3,T
1849,F,16,GT3,T
1850,F,16,GT3,T
1851,M,16,LE3,A
1852,F,15,GT3,T
1853,F,16,LE3,A
1854,F,13,GT3,T
1855,F,16,GT3,T
1856,M,16,GT3,T
1857,F,15,GT3,T
1858,F,18,GT3,T
1859,F,15,GT3,T
1860,F,15,GT3,T
1861,F,17,LE3,A
1862,F,15,GT3,T
1863,M,15,LE3,T
1864,F,15,GT3,T
1865,F,16,GT3,T
1866,F,16,GT3,T
1867,M,14,LE3,T
1868,M,15,LE3,T
1869,M,15,GT3,T
1870,F,15,GT3,T
1871,F,16,GT3,T
1872,M,16,LE3,T
1873,F,14,GT3,T
1874,F,17,GT3,T
1875,F,16,LE3,T
1876,F,17,LE3,T
1877,F,16,GT3,T
1878,F,17,GT3,T
1879,M,16,GT3,T
1880,F,17,GT3,T
1881,F,16,GT3,T
1882,F,15,GT3,T
1883,F,18,LE3,T
1884,F,16,LE3,A
1885,M,16,GT3,T
1886,F,14,GT3,T
1887,M,14,GT3,A
1888,M,16,GT3,T
1889,F,16,LE3,T
1890,F,15,GT3,T
1891,M,16,LE3,T
1892,M,17,GT3,T
1893,F,16,GT3,A
1894,M,14,GT3,T
1895,F,15,GT3,T
1896,F,15,LE3,T
1897,F,15,GT3,T
1898,M,15,LE3,T
1899,M,15,GT3,A
1900,F,14,GT3,A
1901,F,15,GT3,T
1902,M,15,GT3,A
1903,F,13,LE3,T
1904,M,18,GT3,T
1905,F,17,LE3,T
1906,M,15,GT3,T
1907,F,16,LE3,T
1908,M,14,LE3,T
1909,M,17,GT3,T
1910,M,17,GT3,T
1911,M,16,LE3,T
1912,F,17,LE3,A
1913,F,16,GT3,T
1914,M,14,LE3,T
1915,M,15,LE3,T
1916,F,16,GT3,T
1917,F,15,LE3,T
1918,F,15,GT3,T
1919,M,15,GT3,T
1920,M,15,GT3,T
1921,F,16,GT3,T
1922,M,14,GT3,T
1923,F,15,LE3,T
1924,M,14,LE3,T
1925,F,16,GT3,T
1926,M,13,LE3,T
1927,F,17,GT3,T
1928,F,17,GT3,A
1929,F,15,LE3,T
1930,M,13,GT3,T
1931,F,15,GT3,T
1932,F,15,GT3,T
1933,F,14,GT3,T
1934,F,15,GT3,A
1935,F,17,GT3,A
1936,F,16,GT3,T
1937,M,15,GT3,T
1938,F,14,LE3,T
1939,F,15,LE3,T
1940,M,15,GT3,T
1941,M,16,LE3,T
1942,M,15,LE3,T
1943,F,16,GT3,T
1944,F,17,LE3,T
1945,F,16,GT3,T
1946,F,15,GT3,T
1947,M,15,GT3,T
1948,M,15,GT3,A
1949,M,17,LE3,T
1950,M,15,GT3,T
1951,M,16,GT3,T
1952,M,16,GT3,T
1953,F,15,GT3,T
1954,F,14,LE3,T
1955,F,16,GT3,A
1956,F,15,LE3,T
1957,F,16,GT3,T
1958,M,15,GT3,T
1959,F,17,LE3,A
1960,F,15,LE3,T
1961,M,17,LE3,A
1962,M,14,GT3,A
1963,F,16,GT3,T
1964,M,16,LE3,A
1965,F,15,GT3,A
1966,F,16,LE3,T
1967,M,17,GT3,T
1968,M,13,LE3,T
1969,M,16,GT3,T
1970,M,13,GT3,T
1971,M,15,GT3,T
1972,F,17,GT3,T
1973,M,15,GT3,T
1974,F,14,GT3,T
1975,M,15,GT3,A
1976,F,18,GT3,T
1977,M,14,GT3,T
1978,M,14,LE3,T
1979,F,17,GT3,T
1980,F,17,LE3,A
1981,M,15,GT3,T
1982,F,14,GT3,T
1983,F,18,GT3,A
1984,F,17,LE3,A
1985,M,16,LE3,T
1986,M,15,GT3,T
1987,F,15,GT3,T
1988,F,15,LE3,T
1989,M,16,GT3,T
1990,F,17,GT3,T
1991,F,16,GT3,A
1992,M,14,LE3,T
1993,F,17,GT3,T
1994,M,16,LE3,A
1995,F,16,GT3,T
1996,F,17,LE3,A
1997,F,14,LE3,A
1998,M,15,LE3,T
1999,M,15,LE3,T
2000,M,14,GT3,T
